"Cтатус","Количество"
"Active","https://peps.python.org//pep-0001","PEP 1 – PEP Purpose and Guidelines"
"Superseded","https://peps.python.org//pep-0002","PEP 2 – Procedure for Adding New Modules"
"Withdrawn","https://peps.python.org//pep-0003","PEP 3 – Guidelines for Handling Bug Reports"
"Active","https://peps.python.org//pep-0004","PEP 4 – Deprecation of Standard Modules"
"Active","https://peps.python.org//pep-0005","PEP 5 – Guidelines for Language Evolution"
"Active","https://peps.python.org//pep-0006","PEP 6 – Bug Fix Releases"
"Active","https://peps.python.org//pep-0007","PEP 7 – Style Guide for C Code"
"Active","https://peps.python.org//pep-0008","PEP 8 – Style Guide for Python Code"
"Withdrawn","https://peps.python.org//pep-0009","PEP 9 – Sample Plaintext PEP Template"
"Active","https://peps.python.org//pep-0010","PEP 10 – Voting Guidelines"
"Active","https://peps.python.org//pep-0011","PEP 11 – CPython platform support"
"Active","https://peps.python.org//pep-0012","PEP 12 – Sample reStructuredText PEP Template"
"Active","https://peps.python.org//pep-0013","PEP 13 – Python Language Governance"
"Active","https://peps.python.org//pep-0020","PEP 20 – The Zen of Python"
"Withdrawn","https://peps.python.org//pep-0042","PEP 42 – Feature Requests"
"Final","https://peps.python.org//pep-0100","PEP 100 – Python Unicode Integration"
"Active","https://peps.python.org//pep-0101","PEP 101 – Doing Python Releases 101"
"Superseded","https://peps.python.org//pep-0102","PEP 102 – Doing Python Micro Releases"
"Withdrawn","https://peps.python.org//pep-0103","PEP 103 – Collecting information about git"
"Final","https://peps.python.org//pep-0160","PEP 160 – Python 1.6 Release Schedule"
"Final","https://peps.python.org//pep-0200","PEP 200 – Python 2.0 Release Schedule"
"Final","https://peps.python.org//pep-0201","PEP 201 – Lockstep Iteration"
"Final","https://peps.python.org//pep-0202","PEP 202 – List Comprehensions"
"Final","https://peps.python.org//pep-0203","PEP 203 – Augmented Assignments"
"Rejected","https://peps.python.org//pep-0204","PEP 204 – Range Literals"
"Final","https://peps.python.org//pep-0205","PEP 205 – Weak References"
"Withdrawn","https://peps.python.org//pep-0206","PEP 206 – Python Advanced Library"
"Final","https://peps.python.org//pep-0207","PEP 207 – Rich Comparisons"
"Final","https://peps.python.org//pep-0208","PEP 208 – Reworking the Coercion Model"
"Withdrawn","https://peps.python.org//pep-0209","PEP 209 – Multi-dimensional Arrays"
"Rejected","https://peps.python.org//pep-0210","PEP 210 – Decoupling the Interpreter Loop"
"Rejected","https://peps.python.org//pep-0211","PEP 211 – Adding A New Outer Product Operator"
"Rejected","https://peps.python.org//pep-0212","PEP 212 – Loop Counter Iteration"
"Deferred","https://peps.python.org//pep-0213","PEP 213 – Attribute Access Handlers"
"Final","https://peps.python.org//pep-0214","PEP 214 – Extended Print Statement"
"Superseded","https://peps.python.org//pep-0215","PEP 215 – String Interpolation"
"Rejected","https://peps.python.org//pep-0216","PEP 216 – Docstring Format"
"Final","https://peps.python.org//pep-0217","PEP 217 – Display Hook for Interactive Use"
"Final","https://peps.python.org//pep-0218","PEP 218 – Adding a Built-In Set Object Type"
"Deferred","https://peps.python.org//pep-0219","PEP 219 – Stackless Python"
"Rejected","https://peps.python.org//pep-0220","PEP 220 – Coroutines, Generators, Continuations"
"Final","https://peps.python.org//pep-0221","PEP 221 – Import As"
"Deferred","https://peps.python.org//pep-0222","PEP 222 – Web Library Enhancements"
"Final","https://peps.python.org//pep-0223","PEP 223 – Change the Meaning of \x Escapes"
"Rejected","https://peps.python.org//pep-0224","PEP 224 – Attribute Docstrings"
"Rejected","https://peps.python.org//pep-0225","PEP 225 – Elementwise/Objectwise Operators"
"Final","https://peps.python.org//pep-0226","PEP 226 – Python 2.1 Release Schedule"
"Final","https://peps.python.org//pep-0227","PEP 227 – Statically Nested Scopes"
"Withdrawn","https://peps.python.org//pep-0228","PEP 228 – Reworking Python’s Numeric Model"
"Final","https://peps.python.org//pep-0229","PEP 229 – Using Distutils to Build Python"
"Final","https://peps.python.org//pep-0230","PEP 230 – Warning Framework"
"Rejected","https://peps.python.org//pep-0231","PEP 231 – __findattr__()"
"Final","https://peps.python.org//pep-0232","PEP 232 – Function Attributes"
"Deferred","https://peps.python.org//pep-0233","PEP 233 – Python Online Help"
"Final","https://peps.python.org//pep-0234","PEP 234 – Iterators"
"Final","https://peps.python.org//pep-0235","PEP 235 – Import on Case-Insensitive Platforms"
"Final","https://peps.python.org//pep-0236","PEP 236 – Back to the __future__"
"Final","https://peps.python.org//pep-0237","PEP 237 – Unifying Long Integers and Integers"
"Final","https://peps.python.org//pep-0238","PEP 238 – Changing the Division Operator"
"Rejected","https://peps.python.org//pep-0239","PEP 239 – Adding a Rational Type to Python"
"Rejected","https://peps.python.org//pep-0240","PEP 240 – Adding a Rational Literal to Python"
"Final","https://peps.python.org//pep-0241","PEP 241 – Metadata for Python Software Packages"
"Rejected","https://peps.python.org//pep-0242","PEP 242 – Numeric Kinds"
"Withdrawn","https://peps.python.org//pep-0243","PEP 243 – Module Repository Upload Mechanism"
"Rejected","https://peps.python.org//pep-0244","PEP 244 – The directive statement"
"Rejected","https://peps.python.org//pep-0245","PEP 245 – Python Interface Syntax"
"Rejected","https://peps.python.org//pep-0246","PEP 246 – Object Adaptation"
"Final","https://peps.python.org//pep-0247","PEP 247 – API for Cryptographic Hash Functions"
"Final","https://peps.python.org//pep-0248","PEP 248 – Python Database API Specification v1.0"
"Final","https://peps.python.org//pep-0249","PEP 249 – Python Database API Specification v2.0"
"Final","https://peps.python.org//pep-0250","PEP 250 – Using site-packages on Windows"
"Final","https://peps.python.org//pep-0251","PEP 251 – Python 2.2 Release Schedule"
"Final","https://peps.python.org//pep-0252","PEP 252 – Making Types Look More Like Classes"
"Final","https://peps.python.org//pep-0253","PEP 253 – Subtyping Built-in Types"
"Rejected","https://peps.python.org//pep-0254","PEP 254 – Making Classes Look More Like Types"
"Final","https://peps.python.org//pep-0255","PEP 255 – Simple Generators"
"Rejected","https://peps.python.org//pep-0256","PEP 256 – Docstring Processing System Framework"
"Active","https://peps.python.org//pep-0257","PEP 257 – Docstring Conventions"
"Rejected","https://peps.python.org//pep-0258","PEP 258 – Docutils Design Specification"
"Rejected","https://peps.python.org//pep-0259","PEP 259 – Omit printing newline after newline"
"Final","https://peps.python.org//pep-0260","PEP 260 – Simplify xrange()"
"Final","https://peps.python.org//pep-0261","PEP 261 – Support for “wide” Unicode characters"
"Deferred","https://peps.python.org//pep-0262","PEP 262 – A Database of Installed Python Packages"
"Final","https://peps.python.org//pep-0263","PEP 263 – Defining Python Source Code Encodings"
"Final","https://peps.python.org//pep-0264","PEP 264 – Future statements in simulated shells"
"Rejected","https://peps.python.org//pep-0265","PEP 265 – Sorting Dictionaries by Value"
"Withdrawn","https://peps.python.org//pep-0266","PEP 266 – Optimizing Global Variable/Attribute Access"
"Deferred","https://peps.python.org//pep-0267","PEP 267 – Optimized Access to Module Namespaces"
"Rejected","https://peps.python.org//pep-0268","PEP 268 – Extended HTTP functionality and WebDAV"
"Deferred","https://peps.python.org//pep-0269","PEP 269 – Pgen Module for Python"
"Rejected","https://peps.python.org//pep-0270","PEP 270 – uniq method for list objects"
"Rejected","https://peps.python.org//pep-0271","PEP 271 – Prefixing sys.path by command line option"
"Final","https://peps.python.org//pep-0272","PEP 272 – API for Block Encryption Algorithms v1.0"
"Final","https://peps.python.org//pep-0273","PEP 273 – Import Modules from Zip Archives"
"Final","https://peps.python.org//pep-0274","PEP 274 – Dict Comprehensions"
"Rejected","https://peps.python.org//pep-0275","PEP 275 – Switching on Multiple Values"
"Rejected","https://peps.python.org//pep-0276","PEP 276 – Simple Iterator for ints"
"Final","https://peps.python.org//pep-0277","PEP 277 – Unicode file name support for Windows NT"
"Final","https://peps.python.org//pep-0278","PEP 278 – Universal Newline Support"
"Final","https://peps.python.org//pep-0279","PEP 279 – The enumerate() built-in function"
"Deferred","https://peps.python.org//pep-0280","PEP 280 – Optimizing access to globals"
"Rejected","https://peps.python.org//pep-0281","PEP 281 – Loop Counter Iteration with range and xrange"
"Final","https://peps.python.org//pep-0282","PEP 282 – A Logging System"
"Final","https://peps.python.org//pep-0283","PEP 283 – Python 2.3 Release Schedule"
"Rejected","https://peps.python.org//pep-0284","PEP 284 – Integer for-loops"
"Final","https://peps.python.org//pep-0285","PEP 285 – Adding a bool type"
"Deferred","https://peps.python.org//pep-0286","PEP 286 – Enhanced Argument Tuples"
"Active","https://peps.python.org//pep-0287","PEP 287 – reStructuredText Docstring Format"
"Withdrawn","https://peps.python.org//pep-0288","PEP 288 – Generators Attributes and Exceptions"
"Final","https://peps.python.org//pep-0289","PEP 289 – Generator Expressions"
"Active","https://peps.python.org//pep-0290","PEP 290 – Code Migration and Modernization"
"Final","https://peps.python.org//pep-0291","PEP 291 – Backward Compatibility for the Python 2 Standard Library"
"Final","https://peps.python.org//pep-0292","PEP 292 – Simpler String Substitutions"
"Final","https://peps.python.org//pep-0293","PEP 293 – Codec Error Handling Callbacks"
"Rejected","https://peps.python.org//pep-0294","PEP 294 – Type Names in the types Module"
"Rejected","https://peps.python.org//pep-0295","PEP 295 – Interpretation of multiline string constants"
"Withdrawn","https://peps.python.org//pep-0296","PEP 296 – Adding a bytes Object Type"
"Rejected","https://peps.python.org//pep-0297","PEP 297 – Support for System Upgrades"
"Withdrawn","https://peps.python.org//pep-0298","PEP 298 – The Locked Buffer Interface"
"Rejected","https://peps.python.org//pep-0299","PEP 299 – Special __main__() function in modules"
"Final","https://peps.python.org//pep-0301","PEP 301 – Package Index and Metadata for Distutils"
"Final","https://peps.python.org//pep-0302","PEP 302 – New Import Hooks"
"Rejected","https://peps.python.org//pep-0303","PEP 303 – Extend divmod() for Multiple Divisors"
"Withdrawn","https://peps.python.org//pep-0304","PEP 304 – Controlling Generation of Bytecode Files"
"Final","https://peps.python.org//pep-0305","PEP 305 – CSV File API"
"Withdrawn","https://peps.python.org//pep-0306","PEP 306 – How to Change Python’s Grammar"
"Final","https://peps.python.org//pep-0307","PEP 307 – Extensions to the pickle protocol"
"Final","https://peps.python.org//pep-0308","PEP 308 – Conditional Expressions"
"Final","https://peps.python.org//pep-0309","PEP 309 – Partial Function Application"
"Rejected","https://peps.python.org//pep-0310","PEP 310 – Reliable Acquisition/Release Pairs"
"Final","https://peps.python.org//pep-0311","PEP 311 – Simplified Global Interpreter Lock Acquisition for Extensions"
"Deferred","https://peps.python.org//pep-0312","PEP 312 – Simple Implicit Lambda"
"Rejected","https://peps.python.org//pep-0313","PEP 313 – Adding Roman Numeral Literals to Python"
"Final","https://peps.python.org//pep-0314","PEP 314 – Metadata for Python Software Packages v1.1"
"Rejected","https://peps.python.org//pep-0315","PEP 315 – Enhanced While Loop"
"Deferred","https://peps.python.org//pep-0316","PEP 316 – Programming by Contract for Python"
"Rejected","https://peps.python.org//pep-0317","PEP 317 – Eliminate Implicit Exception Instantiation"
"Final","https://peps.python.org//pep-0318","PEP 318 – Decorators for Functions and Methods"
"Rejected","https://peps.python.org//pep-0319","PEP 319 – Python Synchronize/Asynchronize Block"
"Final","https://peps.python.org//pep-0320","PEP 320 – Python 2.4 Release Schedule"
"Withdrawn","https://peps.python.org//pep-0321","PEP 321 – Date/Time Parsing and Formatting"
"Final","https://peps.python.org//pep-0322","PEP 322 – Reverse Iteration"
"Deferred","https://peps.python.org//pep-0323","PEP 323 – Copyable Iterators"
"Final","https://peps.python.org//pep-0324","PEP 324 – subprocess - New process module"
"Rejected","https://peps.python.org//pep-0325","PEP 325 – Resource-Release Support for Generators"
"Rejected","https://peps.python.org//pep-0326","PEP 326 – A Case for Top and Bottom Values"
"Final","https://peps.python.org//pep-0327","PEP 327 – Decimal Data Type"
"Final","https://peps.python.org//pep-0328","PEP 328 – Imports: Multi-Line and Absolute/Relative"
"Rejected","https://peps.python.org//pep-0329","PEP 329 – Treating Builtins as Constants in the Standard Library"
"Rejected","https://peps.python.org//pep-0330","PEP 330 – Python Bytecode Verification"
"Final","https://peps.python.org//pep-0331","PEP 331 – Locale-Independent Float/String Conversions"
"Rejected","https://peps.python.org//pep-0332","PEP 332 – Byte vectors and String/Unicode Unification"
"Final","https://peps.python.org//pep-0333","PEP 333 – Python Web Server Gateway Interface v1.0"
"Withdrawn","https://peps.python.org//pep-0334","PEP 334 – Simple Coroutines via SuspendIteration"
"Rejected","https://peps.python.org//pep-0335","PEP 335 – Overloadable Boolean Operators"
"Rejected","https://peps.python.org//pep-0336","PEP 336 – Make None Callable"
"Deferred","https://peps.python.org//pep-0337","PEP 337 – Logging Usage in the Standard Library"
"Final","https://peps.python.org//pep-0338","PEP 338 – Executing modules as scripts"
"Withdrawn","https://peps.python.org//pep-0339","PEP 339 – Design of the CPython Compiler"
"Rejected","https://peps.python.org//pep-0340","PEP 340 – Anonymous Block Statements"
"Final","https://peps.python.org//pep-0341","PEP 341 – Unifying try-except and try-finally"
"Final","https://peps.python.org//pep-0342","PEP 342 – Coroutines via Enhanced Generators"
"Final","https://peps.python.org//pep-0343","PEP 343 – The “with” Statement"
"Superseded","https://peps.python.org//pep-0344","PEP 344 – Exception Chaining and Embedded Tracebacks"
"Final","https://peps.python.org//pep-0345","PEP 345 – Metadata for Python Software Packages 1.2"
"Withdrawn","https://peps.python.org//pep-0346","PEP 346 – User Defined (”with”) Statements"
"Final","https://peps.python.org//pep-0347","PEP 347 – Migrating the Python CVS to Subversion"
"Rejected","https://peps.python.org//pep-0348","PEP 348 – Exception Reorganization for Python 3.0"
"Rejected","https://peps.python.org//pep-0349","PEP 349 – Allow str() to return unicode strings"
"Rejected","https://peps.python.org//pep-0350","PEP 350 – Codetags"
"Rejected","https://peps.python.org//pep-0351","PEP 351 – The freeze protocol"
"Final","https://peps.python.org//pep-0352","PEP 352 – Required Superclass for Exceptions"
"Final","https://peps.python.org//pep-0353","PEP 353 – Using ssize_t as the index type"
"Superseded","https://peps.python.org//pep-0354","PEP 354 – Enumerations in Python"
"Rejected","https://peps.python.org//pep-0355","PEP 355 – Path - Object oriented filesystem paths"
"Final","https://peps.python.org//pep-0356","PEP 356 – Python 2.5 Release Schedule"
"Final","https://peps.python.org//pep-0357","PEP 357 – Allowing Any Object to be Used for Slicing"
"Final","https://peps.python.org//pep-0358","PEP 358 – The “bytes” Object"
"Withdrawn","https://peps.python.org//pep-0359","PEP 359 – The “make” Statement"
"Final","https://peps.python.org//pep-0360","PEP 360 – Externally Maintained Packages"
"Final","https://peps.python.org//pep-0361","PEP 361 – Python 2.6 and 3.0 Release Schedule"
"Final","https://peps.python.org//pep-0362","PEP 362 – Function Signature Object"
"Rejected","https://peps.python.org//pep-0363","PEP 363 – Syntax For Dynamic Attribute Access"
"Withdrawn","https://peps.python.org//pep-0364","PEP 364 – Transitioning to the Py3K Standard Library"
"Rejected","https://peps.python.org//pep-0365","PEP 365 – Adding the pkg_resources module"
"Final","https://peps.python.org//pep-0366","PEP 366 – Main module explicit relative imports"
"Superseded","https://peps.python.org//pep-0367","PEP 367 – New Super"
"Deferred","https://peps.python.org//pep-0368","PEP 368 – Standard image protocol and class"
"Withdrawn","https://peps.python.org//pep-0369","PEP 369 – Post import hooks"
"Final","https://peps.python.org//pep-0370","PEP 370 – Per user site-packages directory"
"Final","https://peps.python.org//pep-0371","PEP 371 – Addition of the multiprocessing package to the standard library"
"Final","https://peps.python.org//pep-0372","PEP 372 – Adding an ordered dictionary to collections"
"Final","https://peps.python.org//pep-0373","PEP 373 – Python 2.7 Release Schedule"
"Final","https://peps.python.org//pep-0374","PEP 374 – Choosing a distributed VCS for the Python project"
"Final","https://peps.python.org//pep-0375","PEP 375 – Python 3.1 Release Schedule"
"Final","https://peps.python.org//pep-0376","PEP 376 – Database of Installed Python Distributions"
"Rejected","https://peps.python.org//pep-0377","PEP 377 – Allow __enter__() methods to skip the statement body"
"Final","https://peps.python.org//pep-0378","PEP 378 – Format Specifier for Thousands Separator"
"Withdrawn","https://peps.python.org//pep-0379","PEP 379 – Adding an Assignment Expression"
"Final","https://peps.python.org//pep-0380","PEP 380 – Syntax for Delegating to a Subgenerator"
"Withdrawn","https://peps.python.org//pep-0381","PEP 381 – Mirroring infrastructure for PyPI"
"Rejected","https://peps.python.org//pep-0382","PEP 382 – Namespace Packages"
"Final","https://peps.python.org//pep-0383","PEP 383 – Non-decodable Bytes in System Character Interfaces"
"Final","https://peps.python.org//pep-0384","PEP 384 – Defining a Stable ABI"
"Final","https://peps.python.org//pep-0385","PEP 385 – Migrating from Subversion to Mercurial"
"Superseded","https://peps.python.org//pep-0386","PEP 386 – Changing the version comparison module in Distutils"
"Active","https://peps.python.org//pep-0387","PEP 387 – Backwards Compatibility Policy"
"Final","https://peps.python.org//pep-0389","PEP 389 – argparse - New Command Line Parsing Module"
"Rejected","https://peps.python.org//pep-0390","PEP 390 – Static metadata for Distutils"
"Final","https://peps.python.org//pep-0391","PEP 391 – Dictionary-Based Configuration For Logging"
"Final","https://peps.python.org//pep-0392","PEP 392 – Python 3.2 Release Schedule"
"Final","https://peps.python.org//pep-0393","PEP 393 – Flexible String Representation"
"Active","https://peps.python.org//pep-0394","PEP 394 – The “python” Command on Unix-Like Systems"
"Withdrawn","https://peps.python.org//pep-0395","PEP 395 – Qualified Names for Modules"
"Rejected","https://peps.python.org//pep-0396","PEP 396 – Module Version Numbers"
"Final","https://peps.python.org//pep-0397","PEP 397 – Python launcher for Windows"
"Final","https://peps.python.org//pep-0398","PEP 398 – Python 3.3 Release Schedule"
"Final","https://peps.python.org//pep-0399","PEP 399 – Pure Python/C Accelerator Module Compatibility Requirements"
"Deferred","https://peps.python.org//pep-0400","PEP 400 – Deprecate codecs.StreamReader and codecs.StreamWriter"
"April","https://peps.python.org//pep-0401","PEP 401 – BDFL Retirement"
"Rejected","https://peps.python.org//pep-0402","PEP 402 – Simplified Package Layout and Partitioning"
"Deferred","https://peps.python.org//pep-0403","PEP 403 – General purpose decorator clause (aka “@in” clause)"
"Final","https://peps.python.org//pep-0404","PEP 404 – Python 2.8 Un-release Schedule"
"Final","https://peps.python.org//pep-0405","PEP 405 – Python Virtual Environments"
"Withdrawn","https://peps.python.org//pep-0406","PEP 406 – Improved Encapsulation of Import State"
"Deferred","https://peps.python.org//pep-0407","PEP 407 – New release cycle and introducing long-term support versions"
"Rejected","https://peps.python.org//pep-0408","PEP 408 – Standard library __preview__ package"
"Final","https://peps.python.org//pep-0409","PEP 409 – Suppressing exception context"
"Rejected","https://peps.python.org//pep-0410","PEP 410 – Use decimal.Decimal type for timestamps"
"Active","https://peps.python.org//pep-0411","PEP 411 – Provisional packages in the Python standard library"
"Final","https://peps.python.org//pep-0412","PEP 412 – Key-Sharing Dictionary"
"Withdrawn","https://peps.python.org//pep-0413","PEP 413 – Faster evolution of the Python Standard Library"
"Final","https://peps.python.org//pep-0414","PEP 414 – Explicit Unicode Literal for Python 3.3"
"Final","https://peps.python.org//pep-0415","PEP 415 – Implement context suppression with exception attributes"
"Rejected","https://peps.python.org//pep-0416","PEP 416 – Add a frozendict builtin type"
"Final","https://peps.python.org//pep-0417","PEP 417 – Including mock in the Standard Library"
"Final","https://peps.python.org//pep-0418","PEP 418 – Add monotonic time, performance counter, and process time functions"
"Deferred","https://peps.python.org//pep-0419","PEP 419 – Protecting cleanup statements from interruptions"
"Final","https://peps.python.org//pep-0420","PEP 420 – Implicit Namespace Packages"
"Final","https://peps.python.org//pep-0421","PEP 421 – Adding sys.implementation"
"Withdrawn","https://peps.python.org//pep-0422","PEP 422 – Simpler customisation of class creation"
"Deferred","https://peps.python.org//pep-0423","PEP 423 – Naming conventions and recipes related to packaging"
"Final","https://peps.python.org//pep-0424","PEP 424 – A method for exposing a length hint"
"Final","https://peps.python.org//pep-0425","PEP 425 – Compatibility Tags for Built Distributions"
"Withdrawn","https://peps.python.org//pep-0426","PEP 426 – Metadata for Python Software Packages 2.0"
"Final","https://peps.python.org//pep-0427","PEP 427 – The Wheel Binary Package Format 1.0"
"Final","https://peps.python.org//pep-0428","PEP 428 – The pathlib module – object-oriented filesystem paths"
"Final","https://peps.python.org//pep-0429","PEP 429 – Python 3.4 Release Schedule"
"Final","https://peps.python.org//pep-0430","PEP 430 – Migrating to Python 3 as the default online documentation"
"Superseded","https://peps.python.org//pep-0431","PEP 431 – Time zone support improvements"
"Withdrawn","https://peps.python.org//pep-0432","PEP 432 – Restructuring the CPython startup sequence"
"Superseded","https://peps.python.org//pep-0433","PEP 433 – Easier suppression of file descriptor inheritance"
"Active","https://peps.python.org//pep-0434","PEP 434 – IDLE Enhancement Exception for All Branches"
"Final","https://peps.python.org//pep-0435","PEP 435 – Adding an Enum type to the Python standard library"
"Final","https://peps.python.org//pep-0436","PEP 436 – The Argument Clinic DSL"
"Rejected","https://peps.python.org//pep-0437","PEP 437 – A DSL for specifying signatures, annotations and argument converters"
"Superseded","https://peps.python.org//pep-0438","PEP 438 – Transitioning to release-file hosting on PyPI"
"Rejected","https://peps.python.org//pep-0439","PEP 439 – Inclusion of implicit pip bootstrap in Python installation"
"Final","https://peps.python.org//pep-0440","PEP 440 – Version Identification and Dependency Specification"
"Final","https://peps.python.org//pep-0441","PEP 441 – Improving Python ZIP Application Support"
"Final","https://peps.python.org//pep-0442","PEP 442 – Safe object finalization"
"Final","https://peps.python.org//pep-0443","PEP 443 – Single-dispatch generic functions"
"Deferred","https://peps.python.org//pep-0444","PEP 444 – Python Web3 Interface"
"Final","https://peps.python.org//pep-0445","PEP 445 – Add new APIs to customize Python memory allocators"
"Final","https://peps.python.org//pep-0446","PEP 446 – Make newly created file descriptors non-inheritable"
"Deferred","https://peps.python.org//pep-0447","PEP 447 – Add __getdescriptor__ method to metaclass"
"Final","https://peps.python.org//pep-0448","PEP 448 – Additional Unpacking Generalizations"
"Final","https://peps.python.org//pep-0449","PEP 449 – Removal of the PyPI Mirror Auto Discovery and Naming Scheme"
"Final","https://peps.python.org//pep-0450","PEP 450 – Adding A Statistics Module To The Standard Library"
"Final","https://peps.python.org//pep-0451","PEP 451 – A ModuleSpec Type for the Import System"
"Final","https://peps.python.org//pep-0452","PEP 452 – API for Cryptographic Hash Functions v2.0"
"Final","https://peps.python.org//pep-0453","PEP 453 – Explicit bootstrapping of pip in Python installations"
"Final","https://peps.python.org//pep-0454","PEP 454 – Add a new tracemalloc module to trace Python memory allocations"
"Rejected","https://peps.python.org//pep-0455","PEP 455 – Adding a key-transforming dictionary to collections"
"Final","https://peps.python.org//pep-0456","PEP 456 – Secure and interchangeable hash algorithm"
"Final","https://peps.python.org//pep-0457","PEP 457 – Notation For Positional-Only Parameters"
"Accepted","https://peps.python.org//pep-0458","PEP 458 – Secure PyPI downloads with signed repository metadata"
"Withdrawn","https://peps.python.org//pep-0459","PEP 459 – Standard Metadata Extensions for Python Software Packages"
"Withdrawn","https://peps.python.org//pep-0460","PEP 460 – Add binary interpolation and formatting"
"Final","https://peps.python.org//pep-0461","PEP 461 – Adding % formatting to bytes and bytearray"
"Withdrawn","https://peps.python.org//pep-0462","PEP 462 – Core development workflow automation for CPython"
"Rejected","https://peps.python.org//pep-0463","PEP 463 – Exception-catching expressions"
"Final","https://peps.python.org//pep-0464","PEP 464 – Removal of the PyPI Mirror Authenticity API"
"Final","https://peps.python.org//pep-0465","PEP 465 – A dedicated infix operator for matrix multiplication"
"Final","https://peps.python.org//pep-0466","PEP 466 – Network Security Enhancements for Python 2.7.x"
"Draft","https://peps.python.org//pep-0467","PEP 467 – Minor API improvements for binary sequences"
"Final","https://peps.python.org//pep-0468","PEP 468 – Preserving the order of **kwargs in a function."
"Withdrawn","https://peps.python.org//pep-0469","PEP 469 – Migration of dict iteration code to Python 3"
"Final","https://peps.python.org//pep-0470","PEP 470 – Removing External Hosting Support on PyPI"
"Final","https://peps.python.org//pep-0471","PEP 471 – os.scandir() function – a better and faster directory iterator"
"Rejected","https://peps.python.org//pep-0472","PEP 472 – Support for indexing with keyword arguments"
"Rejected","https://peps.python.org//pep-0473","PEP 473 – Adding structured data to built-in exceptions"
"Withdrawn","https://peps.python.org//pep-0474","PEP 474 – Creating forge.python.org"
"Final","https://peps.python.org//pep-0475","PEP 475 – Retry system calls failing with EINTR"
"Final","https://peps.python.org//pep-0476","PEP 476 – Enabling certificate verification by default for stdlib http clients"
"Final","https://peps.python.org//pep-0477","PEP 477 – Backport ensurepip (PEP 453) to Python 2.7"
"Active","https://peps.python.org//pep-0478","PEP 478 – Python 3.5 Release Schedule"
"Final","https://peps.python.org//pep-0479","PEP 479 – Change StopIteration handling inside generators"
"Draft","https://peps.python.org//pep-0480","PEP 480 – Surviving a Compromise of PyPI: End-to-end signing of packages"
"Withdrawn","https://peps.python.org//pep-0481","PEP 481 – Migrate CPython to Git, Github, and Phabricator"
"Final","https://peps.python.org//pep-0482","PEP 482 – Literature Overview for Type Hints"
"Final","https://peps.python.org//pep-0483","PEP 483 – The Theory of Type Hints"
"Final","https://peps.python.org//pep-0484","PEP 484 – Type Hints"
"Final","https://peps.python.org//pep-0485","PEP 485 – A Function for testing approximate equality"
"Final","https://peps.python.org//pep-0486","PEP 486 – Make the Python Launcher aware of virtual environments"
"Final","https://peps.python.org//pep-0487","PEP 487 – Simpler customisation of class creation"
"Final","https://peps.python.org//pep-0488","PEP 488 – Elimination of PYO files"
"Final","https://peps.python.org//pep-0489","PEP 489 – Multi-phase extension module initialization"
"Rejected","https://peps.python.org//pep-0490","PEP 490 – Chain exceptions at C level"
"Deferred","https://peps.python.org//pep-0491","PEP 491 – The Wheel Binary Package Format 1.9"
"Final","https://peps.python.org//pep-0492","PEP 492 – Coroutines with async and await syntax"
"Final","https://peps.python.org//pep-0493","PEP 493 – HTTPS verification migration tools for Python 2.7"
"Final","https://peps.python.org//pep-0494","PEP 494 – Python 3.6 Release Schedule"
"Final","https://peps.python.org//pep-0495","PEP 495 – Local Time Disambiguation"
"Rejected","https://peps.python.org//pep-0496","PEP 496 – Environment Markers"
"Rejected","https://peps.python.org//pep-0497","PEP 497 – A standard mechanism for backward compatibility"
"Final","https://peps.python.org//pep-0498","PEP 498 – Literal String Interpolation"
"Deferred","https://peps.python.org//pep-0499","PEP 499 – python -m foo should bind sys.modules['foo'] in addition to sys.modules['__main__']"
"Rejected","https://peps.python.org//pep-0500","PEP 500 – A protocol for delegating datetime methods to their tzinfo implementations"
"Deferred","https://peps.python.org//pep-0501","PEP 501 – General purpose string interpolation"
"Rejected","https://peps.python.org//pep-0502","PEP 502 – String Interpolation - Extended Discussion"
"Final","https://peps.python.org//pep-0503","PEP 503 – Simple Repository API"
"Withdrawn","https://peps.python.org//pep-0504","PEP 504 – Using the System RNG by default"
"Deferred","https://peps.python.org//pep-0505","PEP 505 – None-aware operators"
"Final","https://peps.python.org//pep-0506","PEP 506 – Adding A Secrets Module To The Standard Library"
"Rejected","https://peps.python.org//pep-0507","PEP 507 – Migrate CPython to Git and GitLab"
"Final","https://peps.python.org//pep-0508","PEP 508 – Dependency specification for Python Software Packages"
"Final","https://peps.python.org//pep-0509","PEP 509 – Add a private version to dict"
"Rejected","https://peps.python.org//pep-0510","PEP 510 – Specialize functions with guards"
"Rejected","https://peps.python.org//pep-0511","PEP 511 – API for code transformers"
"Final","https://peps.python.org//pep-0512","PEP 512 – Migrating from hg.python.org to GitHub"
"Superseded","https://peps.python.org//pep-0513","PEP 513 – A Platform Tag for Portable Linux Built Distributions"
"Active","https://peps.python.org//pep-0514","PEP 514 – Python registration in the Windows registry"
"Final","https://peps.python.org//pep-0515","PEP 515 – Underscores in Numeric Literals"
"Rejected","https://peps.python.org//pep-0516","PEP 516 – Build system abstraction for pip/conda etc"
"Final","https://peps.python.org//pep-0517","PEP 517 – A build-system independent format for source trees"
"Final","https://peps.python.org//pep-0518","PEP 518 – Specifying Minimum Build System Requirements for Python Projects"
"Final","https://peps.python.org//pep-0519","PEP 519 – Adding a file system path protocol"
"Final","https://peps.python.org//pep-0520","PEP 520 – Preserving Class Attribute Definition Order"
"Withdrawn","https://peps.python.org//pep-0521","PEP 521 – Managing global context via ‘with’ blocks in generators and coroutines"
"Rejected","https://peps.python.org//pep-0522","PEP 522 – Allow BlockingIOError in security sensitive APIs"
"Final","https://peps.python.org//pep-0523","PEP 523 – Adding a frame evaluation API to CPython"
"Final","https://peps.python.org//pep-0524","PEP 524 – Make os.urandom() blocking on Linux"
"Final","https://peps.python.org//pep-0525","PEP 525 – Asynchronous Generators"
"Final","https://peps.python.org//pep-0526","PEP 526 – Syntax for Variable Annotations"
"Final","https://peps.python.org//pep-0527","PEP 527 – Removing Un(der)used file types/extensions on PyPI"
"Final","https://peps.python.org//pep-0528","PEP 528 – Change Windows console encoding to UTF-8"
"Final","https://peps.python.org//pep-0529","PEP 529 – Change Windows filesystem encoding to UTF-8"
"Final","https://peps.python.org//pep-0530","PEP 530 – Asynchronous Comprehensions"
"Withdrawn","https://peps.python.org//pep-0531","PEP 531 – Existence checking operators"
"Deferred","https://peps.python.org//pep-0532","PEP 532 – A circuit breaking protocol and binary operators"
"Deferred","https://peps.python.org//pep-0533","PEP 533 – Deterministic cleanup for iterators"
"Deferred","https://peps.python.org//pep-0534","PEP 534 – Improved Errors for Missing Standard Library Modules"
"Deferred","https://peps.python.org//pep-0535","PEP 535 – Rich comparison chaining"
"Deferred","https://peps.python.org//pep-0536","PEP 536 – Final Grammar for Literal String Interpolation"
"Active","https://peps.python.org//pep-0537","PEP 537 – Python 3.7 Release Schedule"
"Final","https://peps.python.org//pep-0538","PEP 538 – Coercing the legacy C locale to a UTF-8 based locale"
"Final","https://peps.python.org//pep-0539","PEP 539 – A New C-API for Thread-Local Storage in CPython"
"Final","https://peps.python.org//pep-0540","PEP 540 – Add a new UTF-8 Mode"
"Final","https://peps.python.org//pep-0541","PEP 541 – Package Index Name Retention"
"Rejected","https://peps.python.org//pep-0542","PEP 542 – Dot Notation Assignment In Function Header"
"Withdrawn","https://peps.python.org//pep-0543","PEP 543 – A Unified TLS API for Python"
"Accepted","https://peps.python.org//pep-0544","PEP 544 – Protocols: Structural subtyping (static duck typing)"
"Final","https://peps.python.org//pep-0545","PEP 545 – Python Documentation Translations"
"Rejected","https://peps.python.org//pep-0546","PEP 546 – Backport ssl.MemoryBIO and ssl.SSLObject to Python 2.7"
"Deferred","https://peps.python.org//pep-0547","PEP 547 – Running extension modules using the -m option"
"Rejected","https://peps.python.org//pep-0548","PEP 548 – More Flexible Loop Control"
"Rejected","https://peps.python.org//pep-0549","PEP 549 – Instance Descriptors"
"Withdrawn","https://peps.python.org//pep-0550","PEP 550 – Execution Context"
"Withdrawn","https://peps.python.org//pep-0551","PEP 551 – Security transparency in the Python runtime"
"Final","https://peps.python.org//pep-0552","PEP 552 – Deterministic pycs"
"Final","https://peps.python.org//pep-0553","PEP 553 – Built-in breakpoint()"
"Draft","https://peps.python.org//pep-0554","PEP 554 – Multiple Interpreters in the Stdlib"
"Withdrawn","https://peps.python.org//pep-0555","PEP 555 – Context-local variables (contextvars)"
"Deferred","https://peps.python.org//pep-0556","PEP 556 – Threaded garbage collection"
"Final","https://peps.python.org//pep-0557","PEP 557 – Data Classes"
"Draft","https://peps.python.org//pep-0558","PEP 558 – Defined semantics for locals()"
"Rejected","https://peps.python.org//pep-0559","PEP 559 – Built-in noop()"
"Accepted","https://peps.python.org//pep-0560","PEP 560 – Core support for typing module and generic types"
"Final","https://peps.python.org//pep-0561","PEP 561 – Distributing and Packaging Type Information"
"Final","https://peps.python.org//pep-0562","PEP 562 – Module __getattr__ and __dir__"
"Accepted","https://peps.python.org//pep-0563","PEP 563 – Postponed Evaluation of Annotations"
"Final","https://peps.python.org//pep-0564","PEP 564 – Add new time functions with nanosecond resolution"
"Final","https://peps.python.org//pep-0565","PEP 565 – Show DeprecationWarning in __main__"
"Final","https://peps.python.org//pep-0566","PEP 566 – Metadata for Python Software Packages 2.1"
"Final","https://peps.python.org//pep-0567","PEP 567 – Context Variables"
"Deferred","https://peps.python.org//pep-0568","PEP 568 – Generator-sensitivity for Context Variables"
"Active","https://peps.python.org//pep-0569","PEP 569 – Python 3.8 Release Schedule"
"Final","https://peps.python.org//pep-0570","PEP 570 – Python Positional-Only Parameters"
"Superseded","https://peps.python.org//pep-0571","PEP 571 – The manylinux2010 Platform Tag"
"Accepted","https://peps.python.org//pep-0572","PEP 572 – Assignment Expressions"
"Final","https://peps.python.org//pep-0573","PEP 573 – Module State Access from C Extension Methods"
"Final","https://peps.python.org//pep-0574","PEP 574 – Pickle protocol 5 with out-of-band data"
"Withdrawn","https://peps.python.org//pep-0575","PEP 575 – Unifying function/method classes"
"Withdrawn","https://peps.python.org//pep-0576","PEP 576 – Rationalize Built-in function classes"
"Withdrawn","https://peps.python.org//pep-0577","PEP 577 – Augmented Assignment Expressions"
"Accepted","https://peps.python.org//pep-0578","PEP 578 – Python Runtime Audit Hooks"
"Final","https://peps.python.org//pep-0579","PEP 579 – Refactoring C functions and methods"
"Rejected","https://peps.python.org//pep-0580","PEP 580 – The C call protocol"
"Accepted","https://peps.python.org//pep-0581","PEP 581 – Using GitHub Issues for CPython"
"Draft","https://peps.python.org//pep-0582","PEP 582 – Python local packages directory"
"Withdrawn","https://peps.python.org//pep-0583","PEP 583 – A Concurrency Memory Model for Python"
"Final","https://peps.python.org//pep-0584","PEP 584 – Add Union Operators To dict"
"Accepted","https://peps.python.org//pep-0585","PEP 585 – Type Hinting Generics In Standard Collections"
"Accepted","https://peps.python.org//pep-0586","PEP 586 – Literal Types"
"Final","https://peps.python.org//pep-0587","PEP 587 – Python Initialization Configuration"
"Draft","https://peps.python.org//pep-0588","PEP 588 – GitHub Issues Migration Plan"
"Accepted","https://peps.python.org//pep-0589","PEP 589 – TypedDict: Type Hints for Dictionaries with a Fixed Set of Keys"
"Accepted","https://peps.python.org//pep-0590","PEP 590 – Vectorcall: a fast calling protocol for CPython"
"Accepted","https://peps.python.org//pep-0591","PEP 591 – Adding a final qualifier to typing"
"Final","https://peps.python.org//pep-0592","PEP 592 – Adding “Yank” Support to the Simple API"
"Accepted","https://peps.python.org//pep-0593","PEP 593 – Flexible function and variable annotations"
"Accepted","https://peps.python.org//pep-0594","PEP 594 – Removing dead batteries from the standard library"
"Withdrawn","https://peps.python.org//pep-0595","PEP 595 – Improving bugs.python.org"
"Active","https://peps.python.org//pep-0596","PEP 596 – Python 3.9 Release Schedule"
"Final","https://peps.python.org//pep-0597","PEP 597 – Add optional EncodingWarning"
"Withdrawn","https://peps.python.org//pep-0598","PEP 598 – Introducing incremental feature releases"
"Superseded","https://peps.python.org//pep-0599","PEP 599 – The manylinux2014 Platform Tag"
"Final","https://peps.python.org//pep-0600","PEP 600 – Future ‘manylinux’ Platform Tags for Portable Linux Built Distributions"
"Rejected","https://peps.python.org//pep-0601","PEP 601 – Forbid return/break/continue breaking out of finally"
"Accepted","https://peps.python.org//pep-0602","PEP 602 – Annual Release Cycle for Python"
"Draft","https://peps.python.org//pep-0603","PEP 603 – Adding a frozenmap type to collections"
"Accepted","https://peps.python.org//pep-0604","PEP 604 – Allow writing union types as X | Y"
"Rejected","https://peps.python.org//pep-0605","PEP 605 – A rolling feature release stream for CPython"
"Rejected","https://peps.python.org//pep-0606","PEP 606 – Python Compatibility Version"
"Final","https://peps.python.org//pep-0607","PEP 607 – Reducing CPython’s Feature Delivery Latency"
"Rejected","https://peps.python.org//pep-0608","PEP 608 – Coordinated Python release"
"Active","https://peps.python.org//pep-0609","PEP 609 – Python Packaging Authority (PyPA) Governance"
"Final","https://peps.python.org//pep-0610","PEP 610 – Recording the Direct URL Origin of installed distributions"
"Withdrawn","https://peps.python.org//pep-0611","PEP 611 – The one million limit"
"Accepted","https://peps.python.org//pep-0612","PEP 612 – Parameter Specification Variables"
"Accepted","https://peps.python.org//pep-0613","PEP 613 – Explicit Type Aliases"
"Final","https://peps.python.org//pep-0614","PEP 614 – Relaxing Grammar Restrictions On Decorators"
"Accepted","https://peps.python.org//pep-0615","PEP 615 – Support for the IANA Time Zone Database in the Standard Library"
"Accepted","https://peps.python.org//pep-0616","PEP 616 – String methods to remove prefixes and suffixes"
"Accepted","https://peps.python.org//pep-0617","PEP 617 – New PEG parser for CPython"
"Final","https://peps.python.org//pep-0618","PEP 618 – Add Optional Length-Checking To zip"
"Draft","https://peps.python.org//pep-0619","PEP 619 – Python 3.10 Release Schedule"
"Draft","https://peps.python.org//pep-0620","PEP 620 – Hide implementation details from the C API"
"Final","https://peps.python.org//pep-0621","PEP 621 – Storing project metadata in pyproject.toml"
"Superseded","https://peps.python.org//pep-0622","PEP 622 – Structural Pattern Matching"
"Final","https://peps.python.org//pep-0623","PEP 623 – Remove wstr from Unicode"
"Final","https://peps.python.org//pep-0624","PEP 624 – Remove Py_UNICODE encoder APIs"
"Draft","https://peps.python.org//pep-0625","PEP 625 – Filename of a Source Distribution"
"Final","https://peps.python.org//pep-0626","PEP 626 – Precise line numbers for debugging and other tools."
"Final","https://peps.python.org//pep-0627","PEP 627 – Recording installed projects"
"Final","https://peps.python.org//pep-0628","PEP 628 – Add math.tau"
"Final","https://peps.python.org//pep-0629","PEP 629 – Versioning PyPI’s Simple API"
"Active","https://peps.python.org//pep-0630","PEP 630 – Isolating Extension Modules"
"Superseded","https://peps.python.org//pep-0631","PEP 631 – Dependency specification in pyproject.toml based on PEP 508"
"Accepted","https://peps.python.org//pep-0632","PEP 632 – Deprecate distutils module"
"Rejected","https://peps.python.org//pep-0633","PEP 633 – Dependency specification in pyproject.toml using an exploded TOML table"
"Accepted","https://peps.python.org//pep-0634","PEP 634 – Structural Pattern Matching: Specification"
"Final","https://peps.python.org//pep-0635","PEP 635 – Structural Pattern Matching: Motivation and Rationale"
"Final","https://peps.python.org//pep-0636","PEP 636 – Structural Pattern Matching: Tutorial"
"Rejected","https://peps.python.org//pep-0637","PEP 637 – Support for indexing with keyword arguments"
"Draft","https://peps.python.org//pep-0638","PEP 638 – Syntactic Macros"
"Draft","https://peps.python.org//pep-0639","PEP 639 – Improving License Clarity with Better Package Metadata"
"Rejected","https://peps.python.org//pep-0640","PEP 640 – Unused variable syntax"
"Rejected","https://peps.python.org//pep-0641","PEP 641 – Using an underscore in the version portion of Python 3.10 compatibility tags"
"Rejected","https://peps.python.org//pep-0642","PEP 642 – Explicit Pattern Syntax for Structural Pattern Matching"
"Final","https://peps.python.org//pep-0643","PEP 643 – Metadata for Package Source Distributions"
"Final","https://peps.python.org//pep-0644","PEP 644 – Require OpenSSL 1.1.1 or newer"
"Withdrawn","https://peps.python.org//pep-0645","PEP 645 – Allow writing optional types as x?"
"Accepted","https://peps.python.org//pep-0646","PEP 646 – Variadic Generics"
"Accepted","https://peps.python.org//pep-0647","PEP 647 – User-Defined Type Guards"
"Rejected","https://peps.python.org//pep-0648","PEP 648 – Extensible customizations of the interpreter at startup"
"Draft","https://peps.python.org//pep-0649","PEP 649 – Deferred Evaluation Of Annotations Using Descriptors"
"Withdrawn","https://peps.python.org//pep-0650","PEP 650 – Specifying Installer Requirements for Python Projects"
"Rejected","https://peps.python.org//pep-0651","PEP 651 – Robust Stack Overflow Handling"
"Final","https://peps.python.org//pep-0652","PEP 652 – Maintaining the Stable ABI"
"Draft","https://peps.python.org//pep-0653","PEP 653 – Precise Semantics for Pattern Matching"
"Accepted","https://peps.python.org//pep-0654","PEP 654 – Exception Groups and except*"
"Accepted","https://peps.python.org//pep-0655","PEP 655 – Marking individual TypedDict items as required or potentially-missing"
"Final","https://peps.python.org//pep-0656","PEP 656 – Platform Tag for Linux Distributions Using Musl"
"Final","https://peps.python.org//pep-0657","PEP 657 – Include Fine Grained Error Locations in Tracebacks"
"Accepted","https://peps.python.org//pep-0658","PEP 658 – Serve Distribution Metadata in the Simple Repository API"
"Draft","https://peps.python.org//pep-0659","PEP 659 – Specializing Adaptive Interpreter"
"Final","https://peps.python.org//pep-0660","PEP 660 – Editable installs for pyproject.toml based builds (wheel based)"
"Draft","https://peps.python.org//pep-0661","PEP 661 – Sentinel Values"
"Rejected","https://peps.python.org//pep-0662","PEP 662 – Editable installs via virtual wheels"
"Rejected","https://peps.python.org//pep-0663","PEP 663 – Standardizing Enum str(), repr(), and format() behaviors"
"Draft","https://peps.python.org//pep-0664","PEP 664 – Python 3.11 Release Schedule"
"Rejected","https://peps.python.org//pep-0665","PEP 665 – A file format to list Python dependencies for reproducibility of an application"
"Rejected","https://peps.python.org//pep-0666","PEP 666 – Reject Foolish Indentation"
"Draft","https://peps.python.org//pep-0667","PEP 667 – Consistent views of namespaces"
"Accepted","https://peps.python.org//pep-0668","PEP 668 – Marking Python base environments as “externally managed”"
"Draft","https://peps.python.org//pep-0669","PEP 669 – Low Impact Monitoring for CPython"
"Final","https://peps.python.org//pep-0670","PEP 670 – Convert macros to functions in the Python C API"
"Draft","https://peps.python.org//pep-0671","PEP 671 – Syntax for late-bound function argument defaults"
"Active","https://peps.python.org//pep-0672","PEP 672 – Unicode-related Security Considerations for Python"
"Accepted","https://peps.python.org//pep-0673","PEP 673 – Self Type"
"Draft","https://peps.python.org//pep-0674","PEP 674 – Disallow using macros as l-values"
"Accepted","https://peps.python.org//pep-0675","PEP 675 – Arbitrary Literal String Type"
"Active","https://peps.python.org//pep-0676","PEP 676 – PEP Infrastructure Process"
"Rejected","https://peps.python.org//pep-0677","PEP 677 – Callable Type Syntax"
"Accepted","https://peps.python.org//pep-0678","PEP 678 – Enriching Exceptions with Notes"
"Draft","https://peps.python.org//pep-0679","PEP 679 – Allow parentheses in assert statements"
"Accepted","https://peps.python.org//pep-0680","PEP 680 – tomllib: Support for Parsing TOML in the Standard Library"
"Accepted","https://peps.python.org//pep-0681","PEP 681 – Data Class Transforms"
"Final","https://peps.python.org//pep-0682","PEP 682 – Format Specifier for Signed Zero"
"Draft","https://peps.python.org//pep-0683","PEP 683 – Immortal Objects, Using a Fixed Refcount"
"Draft","https://peps.python.org//pep-0684","PEP 684 – A Per-Interpreter GIL"
"Accepted","https://peps.python.org//pep-0685","PEP 685 – Comparison of extra names for optional distribution dependencies"
"Accepted","https://peps.python.org//pep-0686","PEP 686 – Make UTF-8 mode default"
"Accepted","https://peps.python.org//pep-0687","PEP 687 – Isolating modules in the standard library"
"Draft","https://peps.python.org//pep-0688","PEP 688 – Making the buffer protocol accessible in Python"
"Draft","https://peps.python.org//pep-0689","PEP 689 – Unstable C API tier"
"Draft","https://peps.python.org//pep-0690","PEP 690 – Lazy Imports"
"Accepted","https://peps.python.org//pep-0691","PEP 691 – JSON-based Simple API for Python Package Indexes"
"Draft","https://peps.python.org//pep-0692","PEP 692 – Using TypedDict for more precise **kwargs typing"
"Draft","https://peps.python.org//pep-0693","PEP 693 – Python 3.12 Release Schedule"
"Draft","https://peps.python.org//pep-0694","PEP 694 – Upload 2.0 API for Python Package Repositories"
"Draft","https://peps.python.org//pep-0695","PEP 695 – Type Parameter Syntax"
"Draft","https://peps.python.org//pep-0696","PEP 696 – Type defaults for TypeVarLikes"
"Rejected","https://peps.python.org//pep-0754","PEP 754 – IEEE 754 Floating Point Special Values"
"Active","https://peps.python.org//pep-0801","PEP 801 – Reserved"
"Final","https://peps.python.org//pep-3000","PEP 3000 – Python 3000"
"Withdrawn","https://peps.python.org//pep-3001","PEP 3001 – Procedure for reviewing and improving standard library modules"
"Final","https://peps.python.org//pep-3002","PEP 3002 – Procedure for Backwards-Incompatible Changes"
"Final","https://peps.python.org//pep-3003","PEP 3003 – Python Language Moratorium"
"Final","https://peps.python.org//pep-3099","PEP 3099 – Things that will Not Change in Python 3000"
"Final","https://peps.python.org//pep-3100","PEP 3100 – Miscellaneous Python 3.0 Plans"
"Final","https://peps.python.org//pep-3101","PEP 3101 – Advanced String Formatting"
"Final","https://peps.python.org//pep-3102","PEP 3102 – Keyword-Only Arguments"
"Rejected","https://peps.python.org//pep-3103","PEP 3103 – A Switch/Case Statement"
"Final","https://peps.python.org//pep-3104","PEP 3104 – Access to Names in Outer Scopes"
"Final","https://peps.python.org//pep-3105","PEP 3105 – Make print a function"
"Final","https://peps.python.org//pep-3106","PEP 3106 – Revamping dict.keys(), .values() and .items()"
"Final","https://peps.python.org//pep-3107","PEP 3107 – Function Annotations"
"Final","https://peps.python.org//pep-3108","PEP 3108 – Standard Library Reorganization"
"Final","https://peps.python.org//pep-3109","PEP 3109 – Raising Exceptions in Python 3000"
"Final","https://peps.python.org//pep-3110","PEP 3110 – Catching Exceptions in Python 3000"
"Final","https://peps.python.org//pep-3111","PEP 3111 – Simple input built-in in Python 3000"
"Final","https://peps.python.org//pep-3112","PEP 3112 – Bytes literals in Python 3000"
"Final","https://peps.python.org//pep-3113","PEP 3113 – Removal of Tuple Parameter Unpacking"
"Final","https://peps.python.org//pep-3114","PEP 3114 – Renaming iterator.next() to iterator.__next__()"
"Final","https://peps.python.org//pep-3115","PEP 3115 – Metaclasses in Python 3000"
"Final","https://peps.python.org//pep-3116","PEP 3116 – New I/O"
"Rejected","https://peps.python.org//pep-3117","PEP 3117 – Postfix type declarations"
"Final","https://peps.python.org//pep-3118","PEP 3118 – Revising the buffer protocol"
"Final","https://peps.python.org//pep-3119","PEP 3119 – Introducing Abstract Base Classes"
"Final","https://peps.python.org//pep-3120","PEP 3120 – Using UTF-8 as the default source encoding"
"Accepted","https://peps.python.org//pep-3121","PEP 3121 – Extension Module Initialization and Finalization"
"Rejected","https://peps.python.org//pep-3122","PEP 3122 – Delineation of the main module"
"Final","https://peps.python.org//pep-3123","PEP 3123 – Making PyObject_HEAD conform to standard C"
"Deferred","https://peps.python.org//pep-3124","PEP 3124 – Overloading, Generic Functions, Interfaces, and Adaptation"
"Rejected","https://peps.python.org//pep-3125","PEP 3125 – Remove Backslash Continuation"
"Rejected","https://peps.python.org//pep-3126","PEP 3126 – Remove Implicit String Concatenation"
"Final","https://peps.python.org//pep-3127","PEP 3127 – Integer Literal Support and Syntax"
"Rejected","https://peps.python.org//pep-3128","PEP 3128 – BList: A Faster List-like Type"
"Final","https://peps.python.org//pep-3129","PEP 3129 – Class Decorators"
"Rejected","https://peps.python.org//pep-3130","PEP 3130 – Access to Current Module/Class/Function"
"Final","https://peps.python.org//pep-3131","PEP 3131 – Supporting Non-ASCII Identifiers"
"Final","https://peps.python.org//pep-3132","PEP 3132 – Extended Iterable Unpacking"
"Rejected","https://peps.python.org//pep-3133","PEP 3133 – Introducing Roles"
"Final","https://peps.python.org//pep-3134","PEP 3134 – Exception Chaining and Embedded Tracebacks"
"Final","https://peps.python.org//pep-3135","PEP 3135 – New Super"
"Rejected","https://peps.python.org//pep-3136","PEP 3136 – Labeled break and continue"
"Final","https://peps.python.org//pep-3137","PEP 3137 – Immutable Bytes and Mutable Buffer"
"Final","https://peps.python.org//pep-3138","PEP 3138 – String representation in Python 3000"
"Rejected","https://peps.python.org//pep-3139","PEP 3139 – Cleaning out sys and the “interpreter” module"
"Rejected","https://peps.python.org//pep-3140","PEP 3140 – str(container) should call str(item), not repr(item)"
"Final","https://peps.python.org//pep-3141","PEP 3141 – A Type Hierarchy for Numbers"
"Rejected","https://peps.python.org//pep-3142","PEP 3142 – Add a “while” clause to generator expressions"
"Deferred","https://peps.python.org//pep-3143","PEP 3143 – Standard daemon process library"
"Final","https://peps.python.org//pep-3144","PEP 3144 – IP Address Manipulation Library for the Python Standard Library"
"Withdrawn","https://peps.python.org//pep-3145","PEP 3145 – Asynchronous I/O For subprocess.Popen"
"Withdrawn","https://peps.python.org//pep-3146","PEP 3146 – Merging Unladen Swallow into CPython"
"Final","https://peps.python.org//pep-3147","PEP 3147 – PYC Repository Directories"
"Final","https://peps.python.org//pep-3148","PEP 3148 – futures - execute computations asynchronously"
"Final","https://peps.python.org//pep-3149","PEP 3149 – ABI version tagged .so files"
"Deferred","https://peps.python.org//pep-3150","PEP 3150 – Statement local namespaces (aka “given” clause)"
"Final","https://peps.python.org//pep-3151","PEP 3151 – Reworking the OS and IO exception hierarchy"
"Rejected","https://peps.python.org//pep-3152","PEP 3152 – Cofunctions"
"Superseded","https://peps.python.org//pep-3153","PEP 3153 – Asynchronous IO support"
"Final","https://peps.python.org//pep-3154","PEP 3154 – Pickle protocol version 4"
"Final","https://peps.python.org//pep-3155","PEP 3155 – Qualified name for classes and functions"
"Final","https://peps.python.org//pep-3156","PEP 3156 – Asynchronous IO Support Rebooted: the “asyncio” Module"
"Final","https://peps.python.org//pep-3333","PEP 3333 – Python Web Server Gateway Interface v1.0.1"
"Active","https://peps.python.org//pep-8000","PEP 8000 – Python Language Governance Proposal Overview"
"Final","https://peps.python.org//pep-8001","PEP 8001 – Python Governance Voting Process"
"Active","https://peps.python.org//pep-8002","PEP 8002 – Open Source Governance Survey"
"Rejected","https://peps.python.org//pep-8010","PEP 8010 – The Technical Leader Governance Model"
"Rejected","https://peps.python.org//pep-8011","PEP 8011 – Python Governance Model Lead by Trio of Pythonistas"
"Rejected","https://peps.python.org//pep-8012","PEP 8012 – The Community Governance Model"
"Rejected","https://peps.python.org//pep-8013","PEP 8013 – The External Council Governance Model"
"Rejected","https://peps.python.org//pep-8014","PEP 8014 – The Commons Governance Model"
"Rejected","https://peps.python.org//pep-8015","PEP 8015 – Organization of the Python community"
"Accepted","https://peps.python.org//pep-8016","PEP 8016 – The Steering Council Model"
"Active","https://peps.python.org//pep-8100","PEP 8100 – January 2019 steering council election"
"Active","https://peps.python.org//pep-8101","PEP 8101 – 2020 Term steering council election"
"Active","https://peps.python.org//pep-8102","PEP 8102 – 2021 Term steering council election"
"Active","https://peps.python.org//pep-8103","PEP 8103 – 2022 Term steering council election"
"Total: ","594"
